table,column,dataset_id,semanticType,predicted_semantic_type
CityMaxCapita_1,column_15,CityMaxCapita_1+column_15,latitude,None
CityMaxCapita_1,column_18,CityMaxCapita_1+column_18,longitude,None
CommonGovernment_10,column_55,CommonGovernment_10+column_55,year,None
CommonGovernment_11,column_55,CommonGovernment_11+column_55,year,None
CommonGovernment_12,column_55,CommonGovernment_12+column_55,year,None
CommonGovernment_13,column_55,CommonGovernment_13+column_55,year,None
CommonGovernment_2,column_55,CommonGovernment_2+column_55,year,None
CommonGovernment_4,column_55,CommonGovernment_4+column_55,year,None
CommonGovernment_5,column_55,CommonGovernment_5+column_55,year,None
CommonGovernment_6,column_55,CommonGovernment_6+column_55,year,None
CommonGovernment_7,column_55,CommonGovernment_7+column_55,year,None
CommonGovernment_8,column_55,CommonGovernment_8+column_55,year,None
CommonGovernment_9,column_55,CommonGovernment_9+column_55,year,None
Hatred_1,column_16,Hatred_1+column_16,latitude,None
Hatred_1,column_19,Hatred_1+column_19,longitude,None
MLB_1,column_45,MLB_1+column_45,year,year
MLB_1,column_0,MLB_1+column_0,AB,None
MLB_1,column_4,MLB_1+column_4,BB,None
MLB_1,column_10,MLB_1+column_10,GIDP,None
MLB_1,column_11,MLB_1+column_11,HBP,None
MLB_1,column_12,MLB_1+column_12,HR,None
MLB_1,column_13,MLB_1+column_13,H,None
MLB_1,column_23,MLB_1+column_23,SF,None
MLB_1,column_24,MLB_1+column_24,SH,None
MLB_1,column_29,MLB_1+column_29,TB,None
MLB_1,column_30,MLB_1+column_30,X1B,None
MLB_1,column_31,MLB_1+column_31,X2B,None
MLB_1,column_32,MLB_1+column_32,X3B,X3B
MLB_1,column_35,MLB_1+column_35,iBB,None
MLB_10,column_37,MLB_10+column_37,year,year
MLB_10,column_0,MLB_10+column_0,AB,None
MLB_10,column_8,MLB_10+column_8,GIDP,None
MLB_10,column_10,MLB_10+column_10,HR,HBP
MLB_10,column_11,MLB_10+column_11,H,None
MLB_10,column_20,MLB_10+column_20,SF,None
MLB_10,column_21,MLB_10+column_21,SH,SH
MLB_10,column_24,MLB_10+column_24,X1B,None
MLB_10,column_25,MLB_10+column_25,X2B,None
MLB_10,column_26,MLB_10+column_26,X3B,None
MLB_11,column_0,MLB_11+column_0,AB,None
MLB_11,column_8,MLB_11+column_8,GIDP,None
MLB_11,column_9,MLB_11+column_9,HBP,None
MLB_11,column_11,MLB_11+column_11,H,None
MLB_11,column_21,MLB_11+column_21,SH,SH
MLB_11,column_23,MLB_11+column_23,TB,TB
MLB_11,column_24,MLB_11+column_24,X1B,None
MLB_11,column_25,MLB_11+column_25,X2B,None
MLB_11,column_26,MLB_11+column_26,X3B,None
MLB_12,column_45,MLB_12+column_45,year,year
MLB_12,column_0,MLB_12+column_0,AB,None
MLB_12,column_4,MLB_12+column_4,BB,None
MLB_12,column_10,MLB_12+column_10,GIDP,None
MLB_12,column_11,MLB_12+column_11,HBP,None
MLB_12,column_12,MLB_12+column_12,HR,None
MLB_12,column_13,MLB_12+column_13,H,None
MLB_12,column_23,MLB_12+column_23,SF,None
MLB_12,column_24,MLB_12+column_24,SH,None
MLB_12,column_28,MLB_12+column_28,SO,None
MLB_12,column_29,MLB_12+column_29,TB,None
MLB_12,column_30,MLB_12+column_30,X1B,None
MLB_12,column_31,MLB_12+column_31,X2B,None
MLB_12,column_35,MLB_12+column_35,iBB,None
MLB_13,column_45,MLB_13+column_45,year,year
MLB_13,column_0,MLB_13+column_0,AB,None
MLB_13,column_4,MLB_13+column_4,BB,None
MLB_13,column_11,MLB_13+column_11,HBP,None
MLB_13,column_23,MLB_13+column_23,SF,None
MLB_13,column_24,MLB_13+column_24,SH,None
MLB_13,column_28,MLB_13+column_28,SO,None
MLB_13,column_29,MLB_13+column_29,TB,None
MLB_13,column_30,MLB_13+column_30,X1B,None
MLB_13,column_31,MLB_13+column_31,X2B,None
MLB_13,column_32,MLB_13+column_32,X3B,X3B
MLB_13,column_35,MLB_13+column_35,iBB,None
MLB_14,column_45,MLB_14+column_45,year,year
MLB_14,column_4,MLB_14+column_4,BB,None
MLB_14,column_10,MLB_14+column_10,GIDP,None
MLB_14,column_11,MLB_14+column_11,HBP,None
MLB_14,column_12,MLB_14+column_12,HR,None
MLB_14,column_13,MLB_14+column_13,H,None
MLB_14,column_24,MLB_14+column_24,SH,None
MLB_14,column_28,MLB_14+column_28,SO,None
MLB_14,column_31,MLB_14+column_31,X2B,None
MLB_15,column_0,MLB_15+column_0,AB,None
MLB_15,column_4,MLB_15+column_4,BB,None
MLB_15,column_9,MLB_15+column_9,CS,None
MLB_15,column_19,MLB_15+column_19,GIDP,None
MLB_15,column_20,MLB_15+column_20,HBP,None
MLB_15,column_22,MLB_15+column_22,H,H
MLB_15,column_34,MLB_15+column_34,R,None
MLB_15,column_36,MLB_15+column_36,SB,None
MLB_15,column_37,MLB_15+column_37,SF,None
MLB_15,column_38,MLB_15+column_38,SH,None
MLB_15,column_42,MLB_15+column_42,SO,None
MLB_15,column_47,MLB_15+column_47,TB,None
MLB_15,column_49,MLB_15+column_49,X1B,None
MLB_15,column_51,MLB_15+column_51,X3B,None
MLB_15,column_53,MLB_15+column_53,iBB,None
MLB_16,column_65,MLB_16+column_65,year,None
MLB_16,column_0,MLB_16+column_0,AB,None
MLB_16,column_4,MLB_16+column_4,BB,None
MLB_16,column_9,MLB_16+column_9,CS,None
MLB_16,column_19,MLB_16+column_19,GIDP,None
MLB_16,column_20,MLB_16+column_20,HBP,None
MLB_16,column_21,MLB_16+column_21,HR,None
MLB_16,column_22,MLB_16+column_22,H,H
MLB_16,column_36,MLB_16+column_36,SB,None
MLB_16,column_37,MLB_16+column_37,SF,None
MLB_16,column_38,MLB_16+column_38,SH,None
MLB_16,column_47,MLB_16+column_47,TB,None
MLB_16,column_49,MLB_16+column_49,X1B,None
MLB_16,column_50,MLB_16+column_50,X2B,None
MLB_16,column_51,MLB_16+column_51,X3B,None
MLB_17,column_65,MLB_17+column_65,year,None
MLB_17,column_0,MLB_17+column_0,AB,None
MLB_17,column_4,MLB_17+column_4,BB,None
MLB_17,column_9,MLB_17+column_9,CS,None
MLB_17,column_19,MLB_17+column_19,GIDP,None
MLB_17,column_20,MLB_17+column_20,HBP,None
MLB_17,column_34,MLB_17+column_34,R,None
MLB_17,column_36,MLB_17+column_36,SB,None
MLB_17,column_37,MLB_17+column_37,SF,None
MLB_17,column_38,MLB_17+column_38,SH,None
MLB_17,column_47,MLB_17+column_47,TB,None
MLB_17,column_49,MLB_17+column_49,X1B,None
MLB_17,column_53,MLB_17+column_53,iBB,None
MLB_18,column_65,MLB_18+column_65,year,None
MLB_18,column_0,MLB_18+column_0,AB,None
MLB_18,column_4,MLB_18+column_4,BB,None
MLB_18,column_9,MLB_18+column_9,CS,None
MLB_18,column_19,MLB_18+column_19,GIDP,None
MLB_18,column_20,MLB_18+column_20,HBP,None
MLB_18,column_21,MLB_18+column_21,HR,None
MLB_18,column_22,MLB_18+column_22,H,H
MLB_18,column_36,MLB_18+column_36,SB,None
MLB_18,column_42,MLB_18+column_42,SO,None
MLB_18,column_49,MLB_18+column_49,X1B,None
MLB_18,column_50,MLB_18+column_50,X2B,None
MLB_18,column_51,MLB_18+column_51,X3B,None
MLB_18,column_53,MLB_18+column_53,iBB,None
MLB_19,column_58,MLB_19+column_58,year,year
MLB_19,column_4,MLB_19+column_4,BB,None
MLB_19,column_19,MLB_19+column_19,HBP,None
MLB_19,column_20,MLB_19+column_20,HR,None
MLB_19,column_21,MLB_19+column_21,H,None
MLB_19,column_32,MLB_19+column_32,SF,None
MLB_19,column_33,MLB_19+column_33,SH,None
MLB_19,column_37,MLB_19+column_37,SO,None
MLB_19,column_44,MLB_19+column_44,X1B,None
MLB_19,column_45,MLB_19+column_45,X2B,None
MLB_19,column_46,MLB_19+column_46,X3B,None
MLB_19,column_48,MLB_19+column_48,iBB,None
MLB_2,column_22,MLB_2+column_22,year,None
MLB_20,column_0,MLB_20+column_0,AB,None
MLB_20,column_4,MLB_20+column_4,BB,None
MLB_20,column_18,MLB_20+column_18,GIDP,None
MLB_20,column_20,MLB_20+column_20,HR,None
MLB_20,column_21,MLB_20+column_21,H,None
MLB_20,column_32,MLB_20+column_32,SF,None
MLB_20,column_33,MLB_20+column_33,SH,None
MLB_20,column_37,MLB_20+column_37,SO,None
MLB_20,column_42,MLB_20+column_42,TB,None
MLB_20,column_44,MLB_20+column_44,X1B,None
MLB_20,column_45,MLB_20+column_45,X2B,None
MLB_20,column_46,MLB_20+column_46,X3B,None
MLB_20,column_48,MLB_20+column_48,iBB,None
MLB_21,column_0,MLB_21+column_0,AB,None
MLB_21,column_4,MLB_21+column_4,BB,None
MLB_21,column_18,MLB_21+column_18,GIDP,None
MLB_21,column_19,MLB_21+column_19,HBP,None
MLB_21,column_20,MLB_21+column_20,HR,None
MLB_21,column_21,MLB_21+column_21,H,None
MLB_21,column_33,MLB_21+column_33,SH,None
MLB_21,column_37,MLB_21+column_37,SO,None
MLB_21,column_44,MLB_21+column_44,X1B,None
MLB_21,column_45,MLB_21+column_45,X2B,None
MLB_21,column_46,MLB_21+column_46,X3B,None
MLB_21,column_48,MLB_21+column_48,iBB,None
MLB_22,column_58,MLB_22+column_58,year,year
MLB_22,column_4,MLB_22+column_4,BB,None
MLB_22,column_18,MLB_22+column_18,GIDP,None
MLB_22,column_19,MLB_22+column_19,HBP,None
MLB_22,column_21,MLB_22+column_21,H,None
MLB_22,column_32,MLB_22+column_32,SF,None
MLB_22,column_33,MLB_22+column_33,SH,None
MLB_22,column_37,MLB_22+column_37,SO,None
MLB_22,column_42,MLB_22+column_42,TB,None
MLB_22,column_44,MLB_22+column_44,X1B,None
MLB_22,column_48,MLB_22+column_48,iBB,None
MLB_23,column_58,MLB_23+column_58,year,year
MLB_23,column_18,MLB_23+column_18,GIDP,None
MLB_23,column_19,MLB_23+column_19,HBP,None
MLB_23,column_32,MLB_23+column_32,SF,None
MLB_23,column_33,MLB_23+column_33,SH,None
MLB_23,column_37,MLB_23+column_37,SO,None
MLB_23,column_44,MLB_23+column_44,X1B,None
MLB_23,column_46,MLB_23+column_46,X3B,None
MLB_23,column_48,MLB_23+column_48,iBB,None
MLB_24,column_58,MLB_24+column_58,year,year
MLB_24,column_0,MLB_24+column_0,AB,None
MLB_24,column_4,MLB_24+column_4,BB,None
MLB_24,column_18,MLB_24+column_18,GIDP,None
MLB_24,column_19,MLB_24+column_19,HBP,None
MLB_24,column_21,MLB_24+column_21,H,None
MLB_24,column_32,MLB_24+column_32,SF,None
MLB_24,column_33,MLB_24+column_33,SH,None
MLB_24,column_37,MLB_24+column_37,SO,None
MLB_24,column_44,MLB_24+column_44,X1B,None
MLB_24,column_45,MLB_24+column_45,X2B,None
MLB_24,column_48,MLB_24+column_48,iBB,None
MLB_25,column_58,MLB_25+column_58,year,year
MLB_25,column_0,MLB_25+column_0,AB,None
MLB_25,column_4,MLB_25+column_4,BB,BB
MLB_25,column_19,MLB_25+column_19,HBP,None
MLB_25,column_21,MLB_25+column_21,H,None
MLB_25,column_32,MLB_25+column_32,SF,None
MLB_25,column_33,MLB_25+column_33,SH,None
MLB_25,column_42,MLB_25+column_42,TB,None
MLB_25,column_44,MLB_25+column_44,X1B,None
MLB_25,column_45,MLB_25+column_45,X2B,None
MLB_25,column_48,MLB_25+column_48,iBB,None
MLB_26,column_58,MLB_26+column_58,year,year
MLB_26,column_0,MLB_26+column_0,AB,None
MLB_26,column_19,MLB_26+column_19,HBP,None
MLB_26,column_20,MLB_26+column_20,HR,None
MLB_26,column_21,MLB_26+column_21,H,None
MLB_26,column_33,MLB_26+column_33,SH,None
MLB_26,column_37,MLB_26+column_37,SO,None
MLB_26,column_44,MLB_26+column_44,X1B,None
MLB_26,column_45,MLB_26+column_45,X2B,None
MLB_26,column_46,MLB_26+column_46,X3B,None
MLB_26,column_48,MLB_26+column_48,iBB,None
MLB_27,column_0,MLB_27+column_0,AB,None
MLB_27,column_19,MLB_27+column_19,HBP,None
MLB_27,column_20,MLB_27+column_20,HR,None
MLB_27,column_21,MLB_27+column_21,H,None
MLB_27,column_32,MLB_27+column_32,SF,None
MLB_27,column_37,MLB_27+column_37,SO,None
MLB_27,column_42,MLB_27+column_42,TB,None
MLB_27,column_44,MLB_27+column_44,X1B,None
MLB_27,column_46,MLB_27+column_46,X3B,None
MLB_27,column_48,MLB_27+column_48,iBB,None
MLB_28,column_58,MLB_28+column_58,year,year
MLB_28,column_0,MLB_28+column_0,AB,None
MLB_28,column_19,MLB_28+column_19,HBP,None
MLB_28,column_20,MLB_28+column_20,HR,None
MLB_28,column_21,MLB_28+column_21,H,None
MLB_28,column_32,MLB_28+column_32,SF,None
MLB_28,column_33,MLB_28+column_33,SH,None
MLB_28,column_37,MLB_28+column_37,SO,None
MLB_28,column_44,MLB_28+column_44,X1B,None
MLB_28,column_45,MLB_28+column_45,X2B,None
MLB_28,column_46,MLB_28+column_46,X3B,None
MLB_28,column_48,MLB_28+column_48,iBB,None
MLB_29,column_58,MLB_29+column_58,year,year
MLB_29,column_0,MLB_29+column_0,AB,None
MLB_29,column_18,MLB_29+column_18,GIDP,GIDP
MLB_29,column_19,MLB_29+column_19,HBP,None
MLB_29,column_20,MLB_29+column_20,HR,None
MLB_29,column_32,MLB_29+column_32,SF,None
MLB_29,column_33,MLB_29+column_33,SH,None
MLB_29,column_37,MLB_29+column_37,SO,None
MLB_29,column_42,MLB_29+column_42,TB,None
MLB_29,column_44,MLB_29+column_44,X1B,None
MLB_29,column_45,MLB_29+column_45,X2B,None
MLB_29,column_46,MLB_29+column_46,X3B,None
MLB_29,column_48,MLB_29+column_48,iBB,None
MLB_3,column_22,MLB_3+column_22,year,None
MLB_30,column_58,MLB_30+column_58,year,year
MLB_30,column_0,MLB_30+column_0,AB,None
MLB_30,column_4,MLB_30+column_4,BB,BB
MLB_30,column_18,MLB_30+column_18,GIDP,GIDP
MLB_30,column_20,MLB_30+column_20,HR,None
MLB_30,column_21,MLB_30+column_21,H,None
MLB_30,column_32,MLB_30+column_32,SF,None
MLB_30,column_33,MLB_30+column_33,SH,None
MLB_30,column_42,MLB_30+column_42,TB,None
MLB_30,column_45,MLB_30+column_45,X2B,None
MLB_30,column_46,MLB_30+column_46,X3B,None
MLB_30,column_48,MLB_30+column_48,iBB,None
MLB_31,column_0,MLB_31+column_0,AB,None
MLB_31,column_4,MLB_31+column_4,BB,None
MLB_31,column_17,MLB_31+column_17,GIDP,None
MLB_31,column_18,MLB_31+column_18,HBP,None
MLB_31,column_20,MLB_31+column_20,H,None
MLB_31,column_33,MLB_31+column_33,SH,None
MLB_31,column_37,MLB_31+column_37,SO,SO
MLB_31,column_42,MLB_31+column_42,TB,None
MLB_31,column_44,MLB_31+column_44,X1B,None
MLB_31,column_45,MLB_31+column_45,X2B,None
MLB_31,column_46,MLB_31+column_46,X3B,None
MLB_31,column_48,MLB_31+column_48,iBB,None
MLB_32,column_57,MLB_32+column_57,year,year
MLB_32,column_0,MLB_32+column_0,AB,None
MLB_32,column_4,MLB_32+column_4,BB,None
MLB_32,column_17,MLB_32+column_17,GIDP,None
MLB_32,column_18,MLB_32+column_18,HBP,None
MLB_32,column_20,MLB_32+column_20,H,None
MLB_32,column_32,MLB_32+column_32,SF,None
MLB_32,column_33,MLB_32+column_33,SH,None
MLB_32,column_37,MLB_32+column_37,SO,SO
MLB_32,column_42,MLB_32+column_42,TB,None
MLB_32,column_44,MLB_32+column_44,X1B,None
MLB_32,column_45,MLB_32+column_45,X2B,None
MLB_32,column_46,MLB_32+column_46,X3B,None
MLB_33,column_57,MLB_33+column_57,year,year
MLB_33,column_0,MLB_33+column_0,AB,None
MLB_33,column_4,MLB_33+column_4,BB,None
MLB_33,column_17,MLB_33+column_17,GIDP,None
MLB_33,column_18,MLB_33+column_18,HBP,None
MLB_33,column_19,MLB_33+column_19,HR,None
MLB_33,column_20,MLB_33+column_20,H,None
MLB_33,column_32,MLB_33+column_32,SF,None
MLB_33,column_33,MLB_33+column_33,SH,None
MLB_33,column_42,MLB_33+column_42,TB,None
MLB_33,column_44,MLB_33+column_44,X1B,None
MLB_33,column_46,MLB_33+column_46,X3B,None
MLB_33,column_48,MLB_33+column_48,iBB,None
MLB_34,column_57,MLB_34+column_57,year,year
MLB_34,column_0,MLB_34+column_0,AB,None
MLB_34,column_4,MLB_34+column_4,BB,None
MLB_34,column_18,MLB_34+column_18,HBP,None
MLB_34,column_20,MLB_34+column_20,H,None
MLB_34,column_32,MLB_34+column_32,SF,None
MLB_34,column_33,MLB_34+column_33,SH,None
MLB_34,column_42,MLB_34+column_42,TB,None
MLB_34,column_45,MLB_34+column_45,X2B,None
MLB_34,column_48,MLB_34+column_48,iBB,None
MLB_35,column_57,MLB_35+column_57,year,year
MLB_35,column_0,MLB_35+column_0,AB,None
MLB_35,column_18,MLB_35+column_18,HBP,None
MLB_35,column_19,MLB_35+column_19,HR,None
MLB_35,column_20,MLB_35+column_20,H,None
MLB_35,column_32,MLB_35+column_32,SF,None
MLB_35,column_37,MLB_35+column_37,SO,SO
MLB_35,column_42,MLB_35+column_42,TB,None
MLB_35,column_44,MLB_35+column_44,X1B,None
MLB_35,column_48,MLB_35+column_48,iBB,None
MLB_36,column_57,MLB_36+column_57,year,year
MLB_36,column_4,MLB_36+column_4,BB,None
MLB_36,column_17,MLB_36+column_17,GIDP,None
MLB_36,column_18,MLB_36+column_18,HBP,None
MLB_36,column_19,MLB_36+column_19,HR,None
MLB_36,column_20,MLB_36+column_20,H,None
MLB_36,column_33,MLB_36+column_33,SH,None
MLB_36,column_37,MLB_36+column_37,SO,SO
MLB_36,column_44,MLB_36+column_44,X1B,None
MLB_36,column_45,MLB_36+column_45,X2B,None
MLB_36,column_46,MLB_36+column_46,X3B,None
MLB_36,column_48,MLB_36+column_48,iBB,None
MLB_37,column_57,MLB_37+column_57,year,year
MLB_37,column_0,MLB_37+column_0,AB,None
MLB_37,column_4,MLB_37+column_4,BB,None
MLB_37,column_17,MLB_37+column_17,GIDP,None
MLB_37,column_19,MLB_37+column_19,HR,None
MLB_37,column_32,MLB_37+column_32,SF,None
MLB_37,column_33,MLB_37+column_33,SH,None
MLB_37,column_37,MLB_37+column_37,SO,SO
MLB_37,column_42,MLB_37+column_42,TB,None
MLB_37,column_45,MLB_37+column_45,X2B,None
MLB_37,column_46,MLB_37+column_46,X3B,None
MLB_37,column_48,MLB_37+column_48,iBB,None
MLB_38,column_46,MLB_38+column_46,year,None
MLB_38,column_0,MLB_38+column_0,AB,None
MLB_38,column_4,MLB_38+column_4,BB,None
MLB_38,column_11,MLB_38+column_11,GIDP,None
MLB_38,column_12,MLB_38+column_12,HBP,None
MLB_38,column_13,MLB_38+column_13,HR,None
MLB_38,column_14,MLB_38+column_14,H,None
MLB_38,column_25,MLB_38+column_25,SH,None
MLB_38,column_29,MLB_38+column_29,SO,None
MLB_38,column_30,MLB_38+column_30,TB,None
MLB_38,column_32,MLB_38+column_32,X1B,None
MLB_38,column_33,MLB_38+column_33,X2B,None
MLB_38,column_34,MLB_38+column_34,X3B,None
MLB_39,column_46,MLB_39+column_46,year,None
MLB_39,column_4,MLB_39+column_4,BB,None
MLB_39,column_11,MLB_39+column_11,GIDP,None
MLB_39,column_12,MLB_39+column_12,HBP,None
MLB_39,column_13,MLB_39+column_13,HR,None
MLB_39,column_25,MLB_39+column_25,SH,None
MLB_39,column_30,MLB_39+column_30,TB,None
MLB_39,column_32,MLB_39+column_32,X1B,None
MLB_39,column_33,MLB_39+column_33,X2B,None
MLB_39,column_34,MLB_39+column_34,X3B,None
MLB_39,column_36,MLB_39+column_36,iBB,None
MLB_40,column_0,MLB_40+column_0,AB,None
MLB_40,column_4,MLB_40+column_4,BB,None
MLB_40,column_12,MLB_40+column_12,HBP,None
MLB_40,column_13,MLB_40+column_13,HR,None
MLB_40,column_14,MLB_40+column_14,H,None
MLB_40,column_24,MLB_40+column_24,SF,SF
MLB_40,column_25,MLB_40+column_25,SH,None
MLB_40,column_29,MLB_40+column_29,SO,None
MLB_40,column_30,MLB_40+column_30,TB,None
MLB_40,column_32,MLB_40+column_32,X1B,None
MLB_40,column_34,MLB_40+column_34,X3B,None
MLB_41,column_0,MLB_41+column_0,AB,None
MLB_41,column_4,MLB_41+column_4,BB,None
MLB_41,column_18,MLB_41+column_18,HBP,None
MLB_41,column_20,MLB_41+column_20,H,None
MLB_41,column_31,MLB_41+column_31,SF,None
MLB_41,column_32,MLB_41+column_32,SH,None
MLB_41,column_36,MLB_41+column_36,SO,HBP
MLB_41,column_39,MLB_41+column_39,TB,None
MLB_41,column_42,MLB_41+column_42,X2B,None
MLB_41,column_43,MLB_41+column_43,X3B,None
MLB_41,column_46,MLB_41+column_46,iBB,None
MLB_42,column_55,MLB_42+column_55,year,year
MLB_42,column_19,MLB_42+column_19,HR,None
MLB_42,column_20,MLB_42+column_20,H,None
MLB_42,column_32,MLB_42+column_32,SH,None
MLB_42,column_36,MLB_42+column_36,SO,HBP
MLB_42,column_39,MLB_42+column_39,TB,None
MLB_42,column_41,MLB_42+column_41,X1B,X1B
MLB_42,column_42,MLB_42+column_42,X2B,None
MLB_42,column_46,MLB_42+column_46,iBB,None
MLB_43,column_55,MLB_43+column_55,year,year
MLB_43,column_0,MLB_43+column_0,AB,None
MLB_43,column_4,MLB_43+column_4,BB,None
MLB_43,column_17,MLB_43+column_17,GIDP,None
MLB_43,column_18,MLB_43+column_18,HBP,None
MLB_43,column_19,MLB_43+column_19,HR,None
MLB_43,column_20,MLB_43+column_20,H,None
MLB_43,column_31,MLB_43+column_31,SF,None
MLB_43,column_32,MLB_43+column_32,SH,None
MLB_43,column_36,MLB_43+column_36,SO,HBP
MLB_43,column_39,MLB_43+column_39,TB,None
MLB_43,column_41,MLB_43+column_41,X1B,X1B
MLB_43,column_42,MLB_43+column_42,X2B,None
MLB_43,column_43,MLB_43+column_43,X3B,None
MLB_43,column_46,MLB_43+column_46,iBB,None
MLB_44,column_4,MLB_44+column_4,BB,None
MLB_44,column_17,MLB_44+column_17,GIDP,None
MLB_44,column_20,MLB_44+column_20,H,None
MLB_44,column_31,MLB_44+column_31,SF,None
MLB_44,column_32,MLB_44+column_32,SH,None
MLB_44,column_36,MLB_44+column_36,SO,HBP
MLB_44,column_41,MLB_44+column_41,X1B,X1B
MLB_44,column_43,MLB_44+column_43,X3B,None
MLB_44,column_46,MLB_44+column_46,iBB,None
MLB_45,column_63,MLB_45+column_63,year,None
MLB_45,column_0,MLB_45+column_0,AB,None
MLB_45,column_4,MLB_45+column_4,BB,None
MLB_45,column_9,MLB_45+column_9,CS,CS
MLB_45,column_19,MLB_45+column_19,GIDP,None
MLB_45,column_20,MLB_45+column_20,HBP,None
MLB_45,column_21,MLB_45+column_21,HR,None
MLB_45,column_22,MLB_45+column_22,H,None
MLB_45,column_34,MLB_45+column_34,R,None
MLB_45,column_42,MLB_45+column_42,SO,None
MLB_45,column_47,MLB_45+column_47,TB,None
MLB_45,column_49,MLB_45+column_49,X1B,None
MLB_45,column_50,MLB_45+column_50,X2B,None
MLB_45,column_51,MLB_45+column_51,X3B,None
MLB_45,column_54,MLB_45+column_54,iBB,None
MLB_46,column_4,MLB_46+column_4,BB,None
MLB_46,column_19,MLB_46+column_19,GIDP,None
MLB_46,column_20,MLB_46+column_20,HBP,None
MLB_46,column_21,MLB_46+column_21,HR,None
MLB_46,column_22,MLB_46+column_22,H,None
MLB_46,column_34,MLB_46+column_34,R,None
MLB_46,column_36,MLB_46+column_36,SB,SB
MLB_46,column_38,MLB_46+column_38,SH,None
MLB_46,column_42,MLB_46+column_42,SO,None
MLB_46,column_50,MLB_46+column_50,X2B,None
MLB_47,column_0,MLB_47+column_0,AB,None
MLB_47,column_4,MLB_47+column_4,BB,None
MLB_47,column_9,MLB_47+column_9,CS,CS
MLB_47,column_19,MLB_47+column_19,GIDP,None
MLB_47,column_22,MLB_47+column_22,H,None
MLB_47,column_34,MLB_47+column_34,R,None
MLB_47,column_36,MLB_47+column_36,SB,SB
MLB_47,column_38,MLB_47+column_38,SH,None
MLB_47,column_42,MLB_47+column_42,SO,None
MLB_47,column_47,MLB_47+column_47,TB,None
MLB_47,column_49,MLB_47+column_49,X1B,None
MLB_47,column_51,MLB_47+column_51,X3B,None
MLB_47,column_54,MLB_47+column_54,iBB,None
MLB_48,column_63,MLB_48+column_63,year,None
MLB_48,column_4,MLB_48+column_4,BB,None
MLB_48,column_9,MLB_48+column_9,CS,CS
MLB_48,column_19,MLB_48+column_19,GIDP,None
MLB_48,column_21,MLB_48+column_21,HR,None
MLB_48,column_22,MLB_48+column_22,H,None
MLB_48,column_36,MLB_48+column_36,SB,SB
MLB_48,column_37,MLB_48+column_37,SF,None
MLB_48,column_38,MLB_48+column_38,SH,None
MLB_48,column_42,MLB_48+column_42,SO,None
MLB_48,column_47,MLB_48+column_47,TB,None
MLB_48,column_49,MLB_48+column_49,X1B,None
MLB_48,column_50,MLB_48+column_50,X2B,None
MLB_48,column_51,MLB_48+column_51,X3B,None
MLB_49,column_59,MLB_49+column_59,year,year
MLB_49,column_0,MLB_49+column_0,AB,None
MLB_49,column_4,MLB_49+column_4,BB,None
MLB_49,column_19,MLB_49+column_19,HBP,None
MLB_49,column_20,MLB_49+column_20,HR,None
MLB_49,column_21,MLB_49+column_21,H,None
MLB_49,column_32,MLB_49+column_32,SF,None
MLB_49,column_37,MLB_49+column_37,SO,None
MLB_49,column_42,MLB_49+column_42,TB,None
MLB_49,column_45,MLB_49+column_45,X2B,None
MLB_5,column_27,MLB_5+column_27,year,None
MLB_50,column_59,MLB_50+column_59,year,year
MLB_50,column_18,MLB_50+column_18,GIDP,None
MLB_50,column_19,MLB_50+column_19,HBP,None
MLB_50,column_20,MLB_50+column_20,HR,None
MLB_50,column_21,MLB_50+column_21,H,None
MLB_50,column_32,MLB_50+column_32,SF,None
MLB_50,column_33,MLB_50+column_33,SH,None
MLB_50,column_37,MLB_50+column_37,SO,None
MLB_50,column_42,MLB_50+column_42,TB,None
MLB_50,column_44,MLB_50+column_44,X1B,None
MLB_50,column_45,MLB_50+column_45,X2B,None
MLB_50,column_46,MLB_50+column_46,X3B,None
MLB_50,column_48,MLB_50+column_48,iBB,None
MLB_51,column_59,MLB_51+column_59,year,year
MLB_51,column_4,MLB_51+column_4,BB,None
MLB_51,column_18,MLB_51+column_18,GIDP,None
MLB_51,column_19,MLB_51+column_19,HBP,None
MLB_51,column_21,MLB_51+column_21,H,None
MLB_51,column_32,MLB_51+column_32,SF,None
MLB_51,column_33,MLB_51+column_33,SH,None
MLB_51,column_37,MLB_51+column_37,SO,None
MLB_51,column_42,MLB_51+column_42,TB,None
MLB_51,column_44,MLB_51+column_44,X1B,None
MLB_51,column_45,MLB_51+column_45,X2B,None
MLB_51,column_48,MLB_51+column_48,iBB,None
MLB_53,column_63,MLB_53+column_63,year,None
MLB_53,column_0,MLB_53+column_0,AB,AB
MLB_53,column_4,MLB_53+column_4,BB,None
MLB_53,column_19,MLB_53+column_19,GIDP,None
MLB_53,column_20,MLB_53+column_20,HBP,None
MLB_53,column_21,MLB_53+column_21,HR,None
MLB_53,column_22,MLB_53+column_22,H,None
MLB_53,column_34,MLB_53+column_34,R,None
MLB_53,column_36,MLB_53+column_36,SB,None
MLB_53,column_37,MLB_53+column_37,SF,None
MLB_53,column_38,MLB_53+column_38,SH,None
MLB_53,column_47,MLB_53+column_47,TB,None
MLB_53,column_49,MLB_53+column_49,X1B,None
MLB_53,column_50,MLB_53+column_50,X2B,None
MLB_54,column_63,MLB_54+column_63,year,None
MLB_54,column_0,MLB_54+column_0,AB,AB
MLB_54,column_9,MLB_54+column_9,CS,None
MLB_54,column_19,MLB_54+column_19,GIDP,None
MLB_54,column_20,MLB_54+column_20,HBP,None
MLB_54,column_21,MLB_54+column_21,HR,None
MLB_54,column_22,MLB_54+column_22,H,None
MLB_54,column_34,MLB_54+column_34,R,None
MLB_54,column_36,MLB_54+column_36,SB,None
MLB_54,column_37,MLB_54+column_37,SF,None
MLB_54,column_38,MLB_54+column_38,SH,None
MLB_54,column_42,MLB_54+column_42,SO,None
MLB_54,column_47,MLB_54+column_47,TB,None
MLB_54,column_49,MLB_54+column_49,X1B,None
MLB_54,column_50,MLB_54+column_50,X2B,None
MLB_54,column_53,MLB_54+column_53,iBB,iBB
MLB_55,column_63,MLB_55+column_63,year,None
MLB_55,column_4,MLB_55+column_4,BB,None
MLB_55,column_9,MLB_55+column_9,CS,None
MLB_55,column_19,MLB_55+column_19,GIDP,None
MLB_55,column_20,MLB_55+column_20,HBP,None
MLB_55,column_22,MLB_55+column_22,H,None
MLB_55,column_34,MLB_55+column_34,R,None
MLB_55,column_36,MLB_55+column_36,SB,None
MLB_55,column_37,MLB_55+column_37,SF,None
MLB_55,column_38,MLB_55+column_38,SH,None
MLB_55,column_42,MLB_55+column_42,SO,None
MLB_55,column_47,MLB_55+column_47,TB,None
MLB_55,column_49,MLB_55+column_49,X1B,None
MLB_55,column_50,MLB_55+column_50,X2B,None
MLB_55,column_51,MLB_55+column_51,X3B,None
MLB_55,column_53,MLB_55+column_53,iBB,iBB
MLB_56,column_63,MLB_56+column_63,year,None
MLB_56,column_0,MLB_56+column_0,AB,AB
MLB_56,column_4,MLB_56+column_4,BB,None
MLB_56,column_19,MLB_56+column_19,GIDP,None
MLB_56,column_21,MLB_56+column_21,HR,None
MLB_56,column_34,MLB_56+column_34,R,None
MLB_56,column_36,MLB_56+column_36,SB,None
MLB_56,column_37,MLB_56+column_37,SF,None
MLB_56,column_42,MLB_56+column_42,SO,None
MLB_56,column_47,MLB_56+column_47,TB,None
MLB_56,column_49,MLB_56+column_49,X1B,None
MLB_56,column_50,MLB_56+column_50,X2B,None
MLB_56,column_51,MLB_56+column_51,X3B,None
MLB_57,column_22,MLB_57+column_22,year,None
MLB_58,column_0,MLB_58+column_0,AB,None
MLB_58,column_4,MLB_58+column_4,BB,None
MLB_58,column_10,MLB_58+column_10,CS,None
MLB_58,column_22,MLB_58+column_22,HR,None
MLB_58,column_23,MLB_58+column_23,H,None
MLB_58,column_35,MLB_58+column_35,R,R
MLB_58,column_37,MLB_58+column_37,SB,None
MLB_58,column_38,MLB_58+column_38,SF,None
MLB_58,column_39,MLB_58+column_39,SH,None
MLB_58,column_49,MLB_58+column_49,TB,None
MLB_58,column_51,MLB_58+column_51,X1B,None
MLB_58,column_52,MLB_58+column_52,X2B,None
MLB_58,column_53,MLB_58+column_53,X3B,None
MLB_58,column_55,MLB_58+column_55,iBB,None
MLB_59,column_0,MLB_59+column_0,AB,None
MLB_59,column_4,MLB_59+column_4,BB,None
MLB_59,column_21,MLB_59+column_21,HBP,None
MLB_59,column_22,MLB_59+column_22,HR,None
MLB_59,column_23,MLB_59+column_23,H,None
MLB_59,column_35,MLB_59+column_35,R,R
MLB_59,column_37,MLB_59+column_37,SB,None
MLB_59,column_38,MLB_59+column_38,SF,None
MLB_59,column_39,MLB_59+column_39,SH,None
MLB_59,column_43,MLB_59+column_43,SO,None
MLB_59,column_49,MLB_59+column_49,TB,None
MLB_59,column_52,MLB_59+column_52,X2B,None
MLB_59,column_53,MLB_59+column_53,X3B,None
MLB_59,column_55,MLB_59+column_55,iBB,None
MLB_60,column_65,MLB_60+column_65,year,None
MLB_60,column_0,MLB_60+column_0,AB,None
MLB_60,column_4,MLB_60+column_4,BB,None
MLB_60,column_10,MLB_60+column_10,CS,None
MLB_60,column_20,MLB_60+column_20,GIDP,None
MLB_60,column_21,MLB_60+column_21,HBP,None
MLB_60,column_22,MLB_60+column_22,HR,None
MLB_60,column_35,MLB_60+column_35,R,R
MLB_60,column_37,MLB_60+column_37,SB,None
MLB_60,column_38,MLB_60+column_38,SF,None
MLB_60,column_39,MLB_60+column_39,SH,None
MLB_60,column_49,MLB_60+column_49,TB,None
MLB_60,column_51,MLB_60+column_51,X1B,None
MLB_60,column_52,MLB_60+column_52,X2B,None
MLB_60,column_53,MLB_60+column_53,X3B,None
MLB_60,column_55,MLB_60+column_55,iBB,None
MLB_61,column_65,MLB_61+column_65,year,None
MLB_61,column_0,MLB_61+column_0,AB,None
MLB_61,column_4,MLB_61+column_4,BB,None
MLB_61,column_10,MLB_61+column_10,CS,None
MLB_61,column_20,MLB_61+column_20,GIDP,None
MLB_61,column_22,MLB_61+column_22,HR,None
MLB_61,column_37,MLB_61+column_37,SB,None
MLB_61,column_38,MLB_61+column_38,SF,None
MLB_61,column_39,MLB_61+column_39,SH,None
MLB_61,column_49,MLB_61+column_49,TB,None
MLB_61,column_52,MLB_61+column_52,X2B,None
MLB_61,column_55,MLB_61+column_55,iBB,None
MLB_62,column_65,MLB_62+column_65,year,None
MLB_62,column_4,MLB_62+column_4,BB,None
MLB_62,column_10,MLB_62+column_10,CS,None
MLB_62,column_22,MLB_62+column_22,HR,None
MLB_62,column_23,MLB_62+column_23,H,None
MLB_62,column_35,MLB_62+column_35,R,R
MLB_62,column_37,MLB_62+column_37,SB,None
MLB_62,column_39,MLB_62+column_39,SH,None
MLB_62,column_43,MLB_62+column_43,SO,None
MLB_62,column_49,MLB_62+column_49,TB,None
MLB_62,column_51,MLB_62+column_51,X1B,None
MLB_62,column_52,MLB_62+column_52,X2B,None
MLB_62,column_53,MLB_62+column_53,X3B,None
MLB_62,column_55,MLB_62+column_55,iBB,None
MLB_63,column_64,MLB_63+column_64,year,None
MLB_63,column_0,MLB_63+column_0,AB,None
MLB_63,column_4,MLB_63+column_4,BB,None
MLB_63,column_9,MLB_63+column_9,CS,None
MLB_63,column_19,MLB_63+column_19,HBP,None
MLB_63,column_20,MLB_63+column_20,HR,None
MLB_63,column_21,MLB_63+column_21,H,None
MLB_63,column_34,MLB_63+column_34,R,None
MLB_63,column_35,MLB_63+column_35,SB,None
MLB_63,column_36,MLB_63+column_36,SF,None
MLB_63,column_37,MLB_63+column_37,SH,None
MLB_63,column_46,MLB_63+column_46,TB,None
MLB_63,column_48,MLB_63+column_48,X1B,None
MLB_63,column_50,MLB_63+column_50,X3B,None
MLB_63,column_54,MLB_63+column_54,iBB,None
MLB_64,column_64,MLB_64+column_64,year,None
MLB_64,column_0,MLB_64+column_0,AB,None
MLB_64,column_4,MLB_64+column_4,BB,None
MLB_64,column_9,MLB_64+column_9,CS,None
MLB_64,column_20,MLB_64+column_20,HR,None
MLB_64,column_34,MLB_64+column_34,R,None
MLB_64,column_35,MLB_64+column_35,SB,None
MLB_64,column_36,MLB_64+column_36,SF,None
MLB_64,column_37,MLB_64+column_37,SH,None
MLB_64,column_41,MLB_64+column_41,SO,None
MLB_64,column_46,MLB_64+column_46,TB,None
MLB_64,column_48,MLB_64+column_48,X1B,None
MLB_64,column_49,MLB_64+column_49,X2B,X2B
MLB_64,column_50,MLB_64+column_50,X3B,None
MLB_64,column_54,MLB_64+column_54,iBB,None
MLB_65,column_0,MLB_65+column_0,AB,None
MLB_65,column_4,MLB_65+column_4,BB,None
MLB_65,column_9,MLB_65+column_9,CS,None
MLB_65,column_19,MLB_65+column_19,HBP,None
MLB_65,column_20,MLB_65+column_20,HR,None
MLB_65,column_21,MLB_65+column_21,H,None
MLB_65,column_34,MLB_65+column_34,R,None
MLB_65,column_35,MLB_65+column_35,SB,None
MLB_65,column_36,MLB_65+column_36,SF,None
MLB_65,column_37,MLB_65+column_37,SH,None
MLB_65,column_48,MLB_65+column_48,X1B,None
MLB_65,column_49,MLB_65+column_49,X2B,X2B
MLB_65,column_50,MLB_65+column_50,X3B,None
MLB_67,column_22,MLB_67+column_22,year,None
MLB_68,column_27,MLB_68+column_27,year,None
MLB_7,column_8,MLB_7+column_8,GIDP,None
MLB_7,column_9,MLB_7+column_9,HBP,None
MLB_7,column_10,MLB_7+column_10,HR,HBP
MLB_7,column_11,MLB_7+column_11,H,None
MLB_7,column_21,MLB_7+column_21,SH,SH
MLB_7,column_24,MLB_7+column_24,X1B,None
MLB_7,column_25,MLB_7+column_25,X2B,None
MLB_7,column_26,MLB_7+column_26,X3B,None
MLB_8,column_37,MLB_8+column_37,year,year
MLB_8,column_0,MLB_8+column_0,AB,None
MLB_8,column_9,MLB_8+column_9,HBP,None
MLB_8,column_10,MLB_8+column_10,HR,HBP
MLB_8,column_11,MLB_8+column_11,H,None
MLB_8,column_20,MLB_8+column_20,SF,None
MLB_8,column_24,MLB_8+column_24,X1B,None
MLB_8,column_25,MLB_8+column_25,X2B,None
MLB_8,column_26,MLB_8+column_26,X3B,None
MLB_9,column_37,MLB_9+column_37,year,year
MLB_9,column_0,MLB_9+column_0,AB,None
MLB_9,column_8,MLB_9+column_8,GIDP,None
MLB_9,column_9,MLB_9+column_9,HBP,None
MLB_9,column_10,MLB_9+column_10,HR,HBP
MLB_9,column_20,MLB_9+column_20,SF,None
MLB_9,column_23,MLB_9+column_23,TB,TB
MLB_9,column_24,MLB_9+column_24,X1B,None
MLB_9,column_25,MLB_9+column_25,X2B,None
MLB_9,column_26,MLB_9+column_26,X3B,None
RealEstate1_1,column_26,RealEstate1_1+column_26,year,None
RealEstate1_2,column_26,RealEstate1_2+column_26,year,None
Romance_1,column_5,Romance_1+column_5,latitude,R
YaleLanguages_1,column_0,YaleLanguages_1+column_0,year,None
YaleLanguages_1,column_9,YaleLanguages_1+column_9,year,None
YaleLanguages_2,column_0,YaleLanguages_2+column_0,year,None
YaleLanguages_2,column_9,YaleLanguages_2+column_9,year,None
YaleLanguages_3,column_9,YaleLanguages_3+column_9,year,None
YaleLanguages_4,column_9,YaleLanguages_4+column_9,year,None
YaleLanguages_5,column_0,YaleLanguages_5+column_0,year,None
YaleLanguages_5,column_9,YaleLanguages_5+column_9,year,None
Rentabilidad_1,column_53,Rentabilidad_1+column_53,latitude,latitude
Rentabilidad_1,column_57,Rentabilidad_1+column_57,longitude,None
Rentabilidad_2,column_52,Rentabilidad_2+column_52,latitude,latitude
Rentabilidad_2,column_55,Rentabilidad_2+column_55,longitude,None
Rentabilidad_3,column_53,Rentabilidad_3+column_53,latitude,latitude
Rentabilidad_3,column_57,Rentabilidad_3+column_57,longitude,None
Rentabilidad_4,column_57,Rentabilidad_4+column_57,longitude,None
Rentabilidad_5,column_53,Rentabilidad_5+column_53,latitude,latitude
Rentabilidad_5,column_57,Rentabilidad_5+column_57,longitude,None
Rentabilidad_6,column_57,Rentabilidad_6+column_57,longitude,None
Rentabilidad_7,column_53,Rentabilidad_7+column_53,latitude,latitude
Rentabilidad_7,column_57,Rentabilidad_7+column_57,longitude,None
Rentabilidad_8,column_53,Rentabilidad_8+column_53,latitude,latitude
Rentabilidad_8,column_57,Rentabilidad_8+column_57,longitude,None
Rentabilidad_9,column_57,Rentabilidad_9+column_57,longitude,None
TableroSistemaPenal_1,column_17,TableroSistemaPenal_1+column_17,latitude,None
TableroSistemaPenal_1,column_18,TableroSistemaPenal_1+column_18,longitude,None
TableroSistemaPenal_7,column_17,TableroSistemaPenal_7+column_17,latitude,None
